"0","pmin(x,y)"
"1"," [1]"
"1"," 0.27632533"
"1"," 0.42532838"
"1"," 0.02280874"
"1"," 0.32852680"
"1"," 0.61644343"
"1"," 0.41917567"
"1"," 0.13799364"
"1"," 0.25414065"
"1"," 0.29847410"
"1","
"
"1","[10]"
"1"," 0.40857988"
"1","
"
"0","pmax(x,y)"
"1"," [1]"
"1"," 0.3217342"
"1"," 0.6260069"
"1"," 0.3713107"
"1"," 0.8942737"
"1"," 0.9311671"
"1"," 0.6172385"
"1"," 0.5677408"
"1"," 0.5310894"
"1"," 0.9652881"
"1"," 0.8475443"
"1","
"
